file,line,type,commit,author,date,time,timezone,datetime,depth,length
styles.css,1,css,0bc53ccf,Aarav Agrawal,2026-04-03,14:09:50,-07:00,2026-04-03T14:09:50-07:00,0,4
styles.css,2,css,0bc53ccf,Aarav Agrawal,2026-04-03,14:09:50,-07:00,2026-04-03T14:09:50-07:00,1,43
styles.css,3,css,0bc53ccf,Aarav Agrawal,2026-04-03,14:09:50,-07:00,2026-04-03T14:09:50-07:00,0,42
styles.css,4,css,0bc53ccf,Aarav Agrawal,2026-04-03,14:09:50,-07:00,2026-04-03T14:09:50-07:00,0,0
styles.css,5,css,0bc53ccf,Aarav Agrawal,2026-04-03,14:09:50,-07:00,2026-04-03T14:09:50-07:00,1,23
styles.css,6,css,0f5cd966,Aarav Agrawal,2026-04-10,16:31:44,-07:00,2026-04-10T16:31:44-07:00,1,15
styles.css,7,css,0f5cd966,Aarav Agrawal,2026-04-10,16:31:44,-07:00,2026-04-10T16:31:44-07:00,1,18
styles.css,8,css,0f5cd966,Aarav Agrawal,2026-04-10,16:31:44,-07:00,2026-04-10T16:31:44-07:00,1,10
styles.css,9,css,947a32b1,Aarav Agrawal,2026-04-03,15:10:09,-07:00,2026-04-03T15:10:09-07:00,0,0
styles.css,10,css,947a32b1,Aarav Agrawal,2026-04-03,15:10:09,-07:00,2026-04-03T15:10:09-07:00,0,3
styles.css,11,css,947a32b1,Aarav Agrawal,2026-04-03,15:10:09,-07:00,2026-04-03T15:10:09-07:00,1,14
styles.css,12,css,0f5cd966,Aarav Agrawal,2026-04-10,16:31:44,-07:00,2026-04-10T16:31:44-07:00,0,0
styles.css,13,css,0f5cd966,Aarav Agrawal,2026-04-10,16:31:44,-07:00,2026-04-10T16:31:44-07:00,0,6
styles.css,14,css,0f5cd966,Aarav Agrawal,2026-04-10,16:31:44,-07:00,2026-04-10T16:31:44-07:00,1,16
styles.css,15,css,0f5cd966,Aarav Agrawal,2026-04-10,16:31:44,-07:00,2026-04-10T16:31:44-07:00,0,0
styles.css,16,css,0f5cd966,Aarav Agrawal,2026-04-10,16:31:44,-07:00,2026-04-10T16:31:44-07:00,0,6
styles.css,17,css,0f5cd966,Aarav Agrawal,2026-04-10,16:31:44,-07:00,2026-04-10T16:31:44-07:00,1,16
styles.css,18,css,0f5cd966,Aarav Agrawal,2026-04-10,16:31:44,-07:00,2026-04-10T16:31:44-07:00,0,0
styles.css,19,css,0f5cd966,Aarav Agrawal,2026-04-10,16:31:44,-07:00,2026-04-10T16:31:44-07:00,0,3
styles.css,20,css,0f5cd966,Aarav Agrawal,2026-04-10,16:31:44,-07:00,2026-04-10T16:31:44-07:00,1,12
styles.css,21,css,0f5cd966,Aarav Agrawal,2026-04-10,16:31:44,-07:00,2026-04-10T16:31:44-07:00,1,16
styles.css,22,css,0f5cd966,Aarav Agrawal,2026-04-10,16:31:44,-07:00,2026-04-10T16:31:44-07:00,1,23
styles.css,23,css,0f5cd966,Aarav Agrawal,2026-04-10,16:31:44,-07:00,2026-04-10T16:31:44-07:00,1,25
styles.css,24,css,ab66266e,Aarav Agrawal,2026-04-17,17:03:33,-07:00,2026-04-17T17:03:33-07:00,1,39
styles.css,25,css,ab66266e,Aarav Agrawal,2026-04-17,17:03:33,-07:00,2026-04-17T17:03:33-07:00,1,39
styles.css,26,css,0f5cd966,Aarav Agrawal,2026-04-10,16:31:44,-07:00,2026-04-10T16:31:44-07:00,0,0
styles.css,27,css,0f5cd966,Aarav Agrawal,2026-04-10,16:31:44,-07:00,2026-04-10T16:31:44-07:00,0,5
styles.css,28,css,0f5cd966,Aarav Agrawal,2026-04-10,16:31:44,-07:00,2026-04-10T16:31:44-07:00,1,6
styles.css,29,css,0f5cd966,Aarav Agrawal,2026-04-10,16:31:44,-07:00,2026-04-10T16:31:44-07:00,1,20
styles.css,30,css,0f5cd966,Aarav Agrawal,2026-04-10,16:31:44,-07:00,2026-04-10T16:31:44-07:00,1,13
styles.css,31,css,0f5cd966,Aarav Agrawal,2026-04-10,16:31:44,-07:00,2026-04-10T16:31:44-07:00,1,17
styles.css,32,css,0f5cd966,Aarav Agrawal,2026-04-10,16:31:44,-07:00,2026-04-10T16:31:44-07:00,1,13
styles.css,33,css,0f5cd966,Aarav Agrawal,2026-04-10,16:31:44,-07:00,2026-04-10T16:31:44-07:00,0,0
styles.css,34,css,0f5cd966,Aarav Agrawal,2026-04-10,16:31:44,-07:00,2026-04-10T16:31:44-07:00,0,9
styles.css,35,css,0f5cd966,Aarav Agrawal,2026-04-10,16:31:44,-07:00,2026-04-10T16:31:44-07:00,1,25
styles.css,36,css,0f5cd966,Aarav Agrawal,2026-04-10,16:31:44,-07:00,2026-04-10T16:31:44-07:00,1,37
styles.css,37,css,0f5cd966,Aarav Agrawal,2026-04-10,16:31:44,-07:00,2026-04-10T16:31:44-07:00,1,25
styles.css,38,css,0f5cd966,Aarav Agrawal,2026-04-10,16:31:44,-07:00,2026-04-10T16:31:44-07:00,1,20
styles.css,39,css,0f5cd966,Aarav Agrawal,2026-04-10,16:31:44,-07:00,2026-04-10T16:31:44-07:00,0,0
styles.css,40,css,0f5cd966,Aarav Agrawal,2026-04-10,16:31:44,-07:00,2026-04-10T16:31:44-07:00,0,4
styles.css,41,css,0f5cd966,Aarav Agrawal,2026-04-10,16:31:44,-07:00,2026-04-10T16:31:44-07:00,2,45
styles.css,42,css,0f5cd966,Aarav Agrawal,2026-04-10,16:31:44,-07:00,2026-04-10T16:31:44-07:00,2,32
styles.css,43,css,0f5cd966,Aarav Agrawal,2026-04-10,16:31:44,-07:00,2026-04-10T16:31:44-07:00,0,0
styles.css,44,css,0f5cd966,Aarav Agrawal,2026-04-10,16:31:44,-07:00,2026-04-10T16:31:44-07:00,0,11
styles.css,45,css,0f5cd966,Aarav Agrawal,2026-04-10,16:31:44,-07:00,2026-04-10T16:31:44-07:00,2,45
styles.css,46,css,ab66266e,Aarav Agrawal,2026-04-17,17:03:33,-07:00,2026-04-17T17:03:33-07:00,2,69
styles.css,47,css,0f5cd966,Aarav Agrawal,2026-04-10,16:31:44,-07:00,2026-04-10T16:31:44-07:00,0,0
styles.css,48,css,0f5cd966,Aarav Agrawal,2026-04-10,16:31:44,-07:00,2026-04-10T16:31:44-07:00,0,4
styles.css,49,css,0f5cd966,Aarav Agrawal,2026-04-10,16:31:44,-07:00,2026-04-10T16:31:44-07:00,2,12
styles.css,50,css,0f5cd966,Aarav Agrawal,2026-04-10,16:31:44,-07:00,2026-04-10T16:31:44-07:00,2,30
styles.css,51,css,0f5cd966,Aarav Agrawal,2026-04-10,16:31:44,-07:00,2026-04-10T16:31:44-07:00,2,7
styles.css,52,css,0f5cd966,Aarav Agrawal,2026-04-10,16:31:44,-07:00,2026-04-10T16:31:44-07:00,0,0
styles.css,53,css,0f5cd966,Aarav Agrawal,2026-04-10,16:31:44,-07:00,2026-04-10T16:31:44-07:00,0,5
styles.css,54,css,0f5cd966,Aarav Agrawal,2026-04-10,16:31:44,-07:00,2026-04-10T16:31:44-07:00,2,12
styles.css,55,css,0f5cd966,Aarav Agrawal,2026-04-10,16:31:44,-07:00,2026-04-10T16:31:44-07:00,2,29
styles.css,56,css,0f5cd966,Aarav Agrawal,2026-04-10,16:31:44,-07:00,2026-04-10T16:31:44-07:00,2,18
styles.css,57,css,0f5cd966,Aarav Agrawal,2026-04-10,16:31:44,-07:00,2026-04-10T16:31:44-07:00,0,0
styles.css,58,css,0f5cd966,Aarav Agrawal,2026-04-10,16:31:44,-07:00,2026-04-10T16:31:44-07:00,0,6
styles.css,59,css,0f5cd966,Aarav Agrawal,2026-04-10,16:31:44,-07:00,2026-04-10T16:31:44-07:00,2,18
styles.css,60,css,0f5cd966,Aarav Agrawal,2026-04-10,16:31:44,-07:00,2026-04-10T16:31:44-07:00,0,0
styles.css,61,css,0f5cd966,Aarav Agrawal,2026-04-10,16:31:44,-07:00,2026-04-10T16:31:44-07:00,0,9
styles.css,62,css,0f5cd966,Aarav Agrawal,2026-04-10,16:31:44,-07:00,2026-04-10T16:31:44-07:00,2,12
styles.css,63,css,0f5cd966,Aarav Agrawal,2026-04-10,16:31:44,-07:00,2026-04-10T16:31:44-07:00,2,58
styles.css,64,css,0f5cd966,Aarav Agrawal,2026-04-10,16:31:44,-07:00,2026-04-10T16:31:44-07:00,2,9
styles.css,65,css,0f5cd966,Aarav Agrawal,2026-04-10,16:31:44,-07:00,2026-04-10T16:31:44-07:00,0,0
styles.css,66,css,0f5cd966,Aarav Agrawal,2026-04-10,16:31:44,-07:00,2026-04-10T16:31:44-07:00,0,17
styles.css,67,css,0f5cd966,Aarav Agrawal,2026-04-10,16:31:44,-07:00,2026-04-10T16:31:44-07:00,2,12
styles.css,68,css,0f5cd966,Aarav Agrawal,2026-04-10,16:31:44,-07:00,2026-04-10T16:31:44-07:00,2,26
styles.css,69,css,0f5cd966,Aarav Agrawal,2026-04-10,16:31:44,-07:00,2026-04-10T16:31:44-07:00,2,15
styles.css,70,css,0f5cd966,Aarav Agrawal,2026-04-10,16:31:44,-07:00,2026-04-10T16:31:44-07:00,0,0
styles.css,71,css,0f5cd966,Aarav Agrawal,2026-04-10,16:31:44,-07:00,2026-04-10T16:31:44-07:00,0,20
styles.css,72,css,0f5cd966,Aarav Agrawal,2026-04-10,16:31:44,-07:00,2026-04-10T16:31:44-07:00,2,8
styles.css,73,css,0f5cd966,Aarav Agrawal,2026-04-10,16:31:44,-07:00,2026-04-10T16:31:44-07:00,0,0
styles.css,74,css,0f5cd966,Aarav Agrawal,2026-04-10,16:31:44,-07:00,2026-04-10T16:31:44-07:00,0,2
styles.css,75,css,0f5cd966,Aarav Agrawal,2026-04-10,16:31:44,-07:00,2026-04-10T16:31:44-07:00,2,14
styles.css,76,css,0f5cd966,Aarav Agrawal,2026-04-10,16:31:44,-07:00,2026-04-10T16:31:44-07:00,0,0
styles.css,77,css,0f5cd966,Aarav Agrawal,2026-04-10,16:31:44,-07:00,2026-04-10T16:31:44-07:00,0,22
styles.css,78,css,0f5cd966,Aarav Agrawal,2026-04-10,16:31:44,-07:00,2026-04-10T16:31:44-07:00,2,15
styles.css,79,css,0f5cd966,Aarav Agrawal,2026-04-10,16:31:44,-07:00,2026-04-10T16:31:44-07:00,2,17
styles.css,80,css,0f5cd966,Aarav Agrawal,2026-04-10,16:31:44,-07:00,2026-04-10T16:31:44-07:00,0,0
styles.css,81,css,0f5cd966,Aarav Agrawal,2026-04-10,16:31:44,-07:00,2026-04-10T16:31:44-07:00,0,7
styles.css,82,css,0f5cd966,Aarav Agrawal,2026-04-10,16:31:44,-07:00,2026-04-10T16:31:44-07:00,2,38
styles.css,83,css,0f5cd966,Aarav Agrawal,2026-04-10,16:31:44,-07:00,2026-04-10T16:31:44-07:00,2,15
styles.css,84,css,0f5cd966,Aarav Agrawal,2026-04-10,16:31:44,-07:00,2026-04-10T16:31:44-07:00,2,14
styles.css,85,css,0f5cd966,Aarav Agrawal,2026-04-10,16:31:44,-07:00,2026-04-10T16:31:44-07:00,0,0
styles.css,86,css,0f5cd966,Aarav Agrawal,2026-04-10,16:31:44,-07:00,2026-04-10T16:31:44-07:00,0,14
styles.css,87,css,0f5cd966,Aarav Agrawal,2026-04-10,16:31:44,-07:00,2026-04-10T16:31:44-07:00,2,12
styles.css,88,css,0f5cd966,Aarav Agrawal,2026-04-10,16:31:44,-07:00,2026-04-10T16:31:44-07:00,2,29
styles.css,89,css,0f5cd966,Aarav Agrawal,2026-04-10,16:31:44,-07:00,2026-04-10T16:31:44-07:00,0,0
styles.css,90,css,0f5cd966,Aarav Agrawal,2026-04-10,16:31:44,-07:00,2026-04-10T16:31:44-07:00,0,2
styles.css,91,css,0f5cd966,Aarav Agrawal,2026-04-10,16:31:44,-07:00,2026-04-10T16:31:44-07:00,2,15
styles.css,92,css,0f5cd966,Aarav Agrawal,2026-04-10,16:31:44,-07:00,2026-04-10T16:31:44-07:00,2,25
styles.css,93,css,0f5cd966,Aarav Agrawal,2026-04-10,16:31:44,-07:00,2026-04-10T16:31:44-07:00,0,0
styles.css,94,css,0f5cd966,Aarav Agrawal,2026-04-10,16:31:44,-07:00,2026-04-10T16:31:44-07:00,0,2
styles.css,95,css,0f5cd966,Aarav Agrawal,2026-04-10,16:31:44,-07:00,2026-04-10T16:31:44-07:00,2,13
styles.css,96,css,0f5cd966,Aarav Agrawal,2026-04-10,16:31:44,-07:00,2026-04-10T16:31:44-07:00,2,15
styles.css,97,css,0f5cd966,Aarav Agrawal,2026-04-10,16:31:44,-07:00,2026-04-10T16:31:44-07:00,0,0
styles.css,98,css,0f5cd966,Aarav Agrawal,2026-04-10,16:31:44,-07:00,2026-04-10T16:31:44-07:00,0,8
styles.css,99,css,0f5cd966,Aarav Agrawal,2026-04-10,16:31:44,-07:00,2026-04-10T16:31:44-07:00,2,21
styles.css,100,css,0f5cd966,Aarav Agrawal,2026-04-10,16:31:44,-07:00,2026-04-10T16:31:44-07:00,2,15
styles.css,101,css,ab66266e,Aarav Agrawal,2026-04-17,17:03:33,-07:00,2026-04-17T17:03:33-07:00,0,0
styles.css,102,css,ab66266e,Aarav Agrawal,2026-04-17,17:03:33,-07:00,2026-04-17T17:03:33-07:00,0,0
styles.css,103,css,ab66266e,Aarav Agrawal,2026-04-17,17:03:33,-07:00,2026-04-17T17:03:33-07:00,0,5
styles.css,104,css,ab66266e,Aarav Agrawal,2026-04-17,17:03:33,-07:00,2026-04-17T17:03:33-07:00,1,23
styles.css,105,css,ab66266e,Aarav Agrawal,2026-04-17,17:03:33,-07:00,2026-04-17T17:03:33-07:00,0,0
styles.css,106,css,ab66266e,Aarav Agrawal,2026-04-17,17:03:33,-07:00,2026-04-17T17:03:33-07:00,0,0
styles.css,107,css,ab66266e,Aarav Agrawal,2026-04-17,17:03:33,-07:00,2026-04-17T17:03:33-07:00,0,13
styles.css,108,css,ab66266e,Aarav Agrawal,2026-04-17,17:03:33,-07:00,2026-04-17T17:03:33-07:00,1,17
styles.css,109,css,ab66266e,Aarav Agrawal,2026-04-17,17:03:33,-07:00,2026-04-17T17:03:33-07:00,1,8
styles.css,110,css,ab66266e,Aarav Agrawal,2026-04-17,17:03:33,-07:00,2026-04-17T17:03:33-07:00,1,10
styles.css,111,css,ab66266e,Aarav Agrawal,2026-04-17,17:03:33,-07:00,2026-04-17T17:03:33-07:00,1,13
styles.css,112,css,ab66266e,Aarav Agrawal,2026-04-17,17:03:33,-07:00,2026-04-17T17:03:33-07:00,1,19
styles.css,113,css,ab66266e,Aarav Agrawal,2026-04-17,17:03:33,-07:00,2026-04-17T17:03:33-07:00,1,12
styles.css,114,css,ab66266e,Aarav Agrawal,2026-04-17,17:03:33,-07:00,2026-04-17T17:03:33-07:00,1,18
styles.css,115,css,ab66266e,Aarav Agrawal,2026-04-17,17:03:33,-07:00,2026-04-17T17:03:33-07:00,1,10
styles.css,116,css,05f929ba,Aarav Agrawal,2026-04-24,20:16:44,-07:00,2026-04-24T20:16:44-07:00,0,0
styles.css,117,css,05f929ba,Aarav Agrawal,2026-04-24,20:16:44,-07:00,2026-04-24T20:16:44-07:00,0,0
styles.css,118,css,05f929ba,Aarav Agrawal,2026-04-24,20:16:44,-07:00,2026-04-24T20:16:44-07:00,0,17
styles.css,119,css,05f929ba,Aarav Agrawal,2026-04-24,20:16:44,-07:00,2026-04-24T20:16:44-07:00,1,12
styles.css,120,css,05f929ba,Aarav Agrawal,2026-04-24,20:16:44,-07:00,2026-04-24T20:16:44-07:00,1,36
styles.css,121,css,05f929ba,Aarav Agrawal,2026-04-24,20:16:44,-07:00,2026-04-24T20:16:44-07:00,1,8
styles.css,122,css,05f929ba,Aarav Agrawal,2026-04-24,20:16:44,-07:00,2026-04-24T20:16:44-07:00,0,0
styles.css,123,css,05f929ba,Aarav Agrawal,2026-04-24,20:16:44,-07:00,2026-04-24T20:16:44-07:00,0,0
styles.css,124,css,05f929ba,Aarav Agrawal,2026-04-24,20:16:44,-07:00,2026-04-24T20:16:44-07:00,0,17
styles.css,125,css,05f929ba,Aarav Agrawal,2026-04-24,20:16:44,-07:00,2026-04-24T20:16:44-07:00,1,10
styles.css,126,css,05f929ba,Aarav Agrawal,2026-04-24,20:16:44,-07:00,2026-04-24T20:16:44-07:00,1,24
styles.css,127,css,05f929ba,Aarav Agrawal,2026-04-24,20:16:44,-07:00,2026-04-24T20:16:44-07:00,1,10
styles.css,128,css,05f929ba,Aarav Agrawal,2026-04-24,20:16:44,-07:00,2026-04-24T20:16:44-07:00,1,16
styles.css,129,css,05f929ba,Aarav Agrawal,2026-04-24,20:16:44,-07:00,2026-04-24T20:16:44-07:00,0,0
styles.css,130,css,05f929ba,Aarav Agrawal,2026-04-24,20:16:44,-07:00,2026-04-24T20:16:44-07:00,0,0
styles.css,131,css,05f929ba,Aarav Agrawal,2026-04-24,20:16:44,-07:00,2026-04-24T20:16:44-07:00,0,17
styles.css,132,css,05f929ba,Aarav Agrawal,2026-04-24,20:16:44,-07:00,2026-04-24T20:16:44-07:00,1,10
styles.css,133,css,05f929ba,Aarav Agrawal,2026-04-24,20:16:44,-07:00,2026-04-24T20:16:44-07:00,1,8
styles.css,134,css,05f929ba,Aarav Agrawal,2026-04-24,20:16:44,-07:00,2026-04-24T20:16:44-07:00,1,14
styles.css,135,css,14d98ac9,Aarav Agrawal,2026-05-01,16:36:12,-07:00,2026-05-01T16:36:12-07:00,0,0
styles.css,136,css,14d98ac9,Aarav Agrawal,2026-05-01,16:36:12,-07:00,2026-05-01T16:36:12-07:00,0,0
styles.css,137,css,14d98ac9,Aarav Agrawal,2026-05-01,16:36:12,-07:00,2026-05-01T16:36:12-07:00,0,13
styles.css,138,css,3a243447,Aarav Agrawal,2026-05-01,17:10:49,-07:00,2026-05-01T17:10:49-07:00,1,19
styles.css,139,css,14d98ac9,Aarav Agrawal,2026-05-01,16:36:12,-07:00,2026-05-01T16:36:12-07:00,1,10
styles.css,140,css,14d98ac9,Aarav Agrawal,2026-05-01,16:36:12,-07:00,2026-05-01T16:36:12-07:00,1,17
styles.css,141,css,3a243447,Aarav Agrawal,2026-05-01,17:10:49,-07:00,2026-05-01T17:10:49-07:00,0,0
styles.css,142,css,3a243447,Aarav Agrawal,2026-05-01,17:10:49,-07:00,2026-05-01T17:10:49-07:00,0,0
styles.css,143,css,3a243447,Aarav Agrawal,2026-05-01,17:10:49,-07:00,2026-05-01T17:10:49-07:00,0,18
styles.css,144,css,bfc5a8d6,Aarav Agrawal,2026-05-01,20:31:24,-07:00,2026-05-01T20:31:24-07:00,1,14
styles.css,145,css,bfc5a8d6,Aarav Agrawal,2026-05-01,20:31:24,-07:00,2026-05-01T20:31:24-07:00,1,16
styles.css,146,css,3a243447,Aarav Agrawal,2026-05-01,17:10:49,-07:00,2026-05-01T17:10:49-07:00,1,16
styles.css,147,css,3a243447,Aarav Agrawal,2026-05-01,17:10:49,-07:00,2026-05-01T17:10:49-07:00,0,0
styles.css,148,css,3a243447,Aarav Agrawal,2026-05-01,17:10:49,-07:00,2026-05-01T17:10:49-07:00,0,0
styles.css,149,css,3a243447,Aarav Agrawal,2026-05-01,17:10:49,-07:00,2026-05-01T17:10:49-07:00,0,7
styles.css,150,css,c12014b7,Aarav Agrawal,2026-05-01,17:16:03,-07:00,2026-05-01T17:16:03-07:00,1,6
styles.css,151,css,3a243447,Aarav Agrawal,2026-05-01,17:10:49,-07:00,2026-05-01T17:10:49-07:00,1,12
styles.css,152,css,3a243447,Aarav Agrawal,2026-05-01,17:10:49,-07:00,2026-05-01T17:10:49-07:00,1,57
styles.css,153,css,3a243447,Aarav Agrawal,2026-05-01,17:10:49,-07:00,2026-05-01T17:10:49-07:00,1,7
styles.css,154,css,3a243447,Aarav Agrawal,2026-05-01,17:10:49,-07:00,2026-05-01T17:10:49-07:00,1,11
styles.css,155,css,c12014b7,Aarav Agrawal,2026-05-01,17:16:03,-07:00,2026-05-01T17:16:03-07:00,1,8
styles.css,156,css,3a243447,Aarav Agrawal,2026-05-01,17:10:49,-07:00,2026-05-01T17:10:49-07:00,1,34
styles.css,157,css,3a243447,Aarav Agrawal,2026-05-01,17:10:49,-07:00,2026-05-01T17:10:49-07:00,1,15
styles.css,158,css,3a243447,Aarav Agrawal,2026-05-01,17:10:49,-07:00,2026-05-01T17:10:49-07:00,0,0
styles.css,159,css,3a243447,Aarav Agrawal,2026-05-01,17:10:49,-07:00,2026-05-01T17:10:49-07:00,0,0
styles.css,160,css,3a243447,Aarav Agrawal,2026-05-01,17:10:49,-07:00,2026-05-01T17:10:49-07:00,0,12
styles.css,161,css,3a243447,Aarav Agrawal,2026-05-01,17:10:49,-07:00,2026-05-01T17:10:49-07:00,1,12
styles.css,162,css,3a243447,Aarav Agrawal,2026-05-01,17:10:49,-07:00,2026-05-01T17:10:49-07:00,1,18
styles.css,163,css,3a243447,Aarav Agrawal,2026-05-01,17:10:49,-07:00,2026-05-01T17:10:49-07:00,1,9
styles.css,164,css,3a243447,Aarav Agrawal,2026-05-01,17:10:49,-07:00,2026-05-01T17:10:49-07:00,0,0
styles.css,165,css,3a243447,Aarav Agrawal,2026-05-01,17:10:49,-07:00,2026-05-01T17:10:49-07:00,0,0
styles.css,166,css,3a243447,Aarav Agrawal,2026-05-01,17:10:49,-07:00,2026-05-01T17:10:49-07:00,0,7
styles.css,167,css,3a243447,Aarav Agrawal,2026-05-01,17:10:49,-07:00,2026-05-01T17:10:49-07:00,1,20
styles.css,168,css,3a243447,Aarav Agrawal,2026-05-01,17:10:49,-07:00,2026-05-01T17:10:49-07:00,1,9
styles.css,169,css,3a243447,Aarav Agrawal,2026-05-01,17:10:49,-07:00,2026-05-01T17:10:49-07:00,1,14
styles.css,170,css,3a243447,Aarav Agrawal,2026-05-01,17:10:49,-07:00,2026-05-01T17:10:49-07:00,1,29
styles.css,171,css,3a243447,Aarav Agrawal,2026-05-01,17:10:49,-07:00,2026-05-01T17:10:49-07:00,1,17
styles.css,172,css,3a243447,Aarav Agrawal,2026-05-01,17:10:49,-07:00,2026-05-01T17:10:49-07:00,0,0
styles.css,173,css,c12014b7,Aarav Agrawal,2026-05-01,17:16:03,-07:00,2026-05-01T17:16:03-07:00,0,0
styles.css,174,css,c12014b7,Aarav Agrawal,2026-05-01,17:16:03,-07:00,2026-05-01T17:16:03-07:00,0,16
styles.css,175,css,c12014b7,Aarav Agrawal,2026-05-01,17:16:03,-07:00,2026-05-01T17:16:03-07:00,1,12
styles.css,176,css,c12014b7,Aarav Agrawal,2026-05-01,17:16:03,-07:00,2026-05-01T17:16:03-07:00,1,18
styles.css,177,css,c12014b7,Aarav Agrawal,2026-05-01,17:16:03,-07:00,2026-05-01T17:16:03-07:00,1,7
styles.css,178,css,bfc5a8d6,Aarav Agrawal,2026-05-01,20:31:24,-07:00,2026-05-01T20:31:24-07:00,1,16
styles.css,179,css,bfc5a8d6,Aarav Agrawal,2026-05-01,20:31:24,-07:00,2026-05-01T20:31:24-07:00,0,0
styles.css,180,css,bfc5a8d6,Aarav Agrawal,2026-05-01,20:31:24,-07:00,2026-05-01T20:31:24-07:00,0,0
styles.css,181,css,bfc5a8d6,Aarav Agrawal,2026-05-01,20:31:24,-07:00,2026-05-01T20:31:24-07:00,0,10
styles.css,182,css,bfc5a8d6,Aarav Agrawal,2026-05-01,20:31:24,-07:00,2026-05-01T20:31:24-07:00,1,10
styles.css,183,css,bfc5a8d6,Aarav Agrawal,2026-05-01,20:31:24,-07:00,2026-05-01T20:31:24-07:00,1,21
styles.css,184,css,bfc5a8d6,Aarav Agrawal,2026-05-01,20:31:24,-07:00,2026-05-01T20:31:24-07:00,1,12
styles.css,185,css,bfc5a8d6,Aarav Agrawal,2026-05-01,20:31:24,-07:00,2026-05-01T20:31:24-07:00,1,13
styles.css,186,css,bfc5a8d6,Aarav Agrawal,2026-05-01,20:31:24,-07:00,2026-05-01T20:31:24-07:00,1,16
styles.css,187,css,bfc5a8d6,Aarav Agrawal,2026-05-01,20:31:24,-07:00,2026-05-01T20:31:24-07:00,0,0
styles.css,188,css,bfc5a8d6,Aarav Agrawal,2026-05-01,20:31:24,-07:00,2026-05-01T20:31:24-07:00,0,0
styles.css,189,css,bfc5a8d6,Aarav Agrawal,2026-05-01,20:31:24,-07:00,2026-05-01T20:31:24-07:00,0,23
styles.css,190,css,bfc5a8d6,Aarav Agrawal,2026-05-01,20:31:24,-07:00,2026-05-01T20:31:24-07:00,1,16
styles.css,191,css,bfc5a8d6,Aarav Agrawal,2026-05-01,20:31:24,-07:00,2026-05-01T20:31:24-07:00,1,14
styles.css,192,css,bfc5a8d6,Aarav Agrawal,2026-05-01,20:31:24,-07:00,2026-05-01T20:31:24-07:00,0,0
styles.css,193,css,bfc5a8d6,Aarav Agrawal,2026-05-01,20:31:24,-07:00,2026-05-01T20:31:24-07:00,0,0
styles.css,194,css,bfc5a8d6,Aarav Agrawal,2026-05-01,20:31:24,-07:00,2026-05-01T20:31:24-07:00,0,51
styles.css,195,css,bfc5a8d6,Aarav Agrawal,2026-05-01,20:31:24,-07:00,2026-05-01T20:31:24-07:00,1,11
styles.css,196,css,bfc5a8d6,Aarav Agrawal,2026-05-01,20:31:24,-07:00,2026-05-01T20:31:24-07:00,0,0
styles.css,197,css,bfc5a8d6,Aarav Agrawal,2026-05-01,20:31:24,-07:00,2026-05-01T20:31:24-07:00,0,0
styles.css,198,css,bfc5a8d6,Aarav Agrawal,2026-05-01,20:31:24,-07:00,2026-05-01T20:31:24-07:00,0,9
styles.css,199,css,bfc5a8d6,Aarav Agrawal,2026-05-01,20:31:24,-07:00,2026-05-01T20:31:24-07:00,1,38
styles.css,200,css,bfc5a8d6,Aarav Agrawal,2026-05-01,20:31:24,-07:00,2026-05-01T20:31:24-07:00,0,0
styles.css,201,css,bfc5a8d6,Aarav Agrawal,2026-05-01,20:31:24,-07:00,2026-05-01T20:31:24-07:00,0,0
styles.css,202,css,bfc5a8d6,Aarav Agrawal,2026-05-01,20:31:24,-07:00,2026-05-01T20:31:24-07:00,0,18
styles.css,203,css,bfc5a8d6,Aarav Agrawal,2026-05-01,20:31:24,-07:00,2026-05-01T20:31:24-07:00,1,17
styles.css,204,css,c12014b7,Aarav Agrawal,2026-05-01,17:16:03,-07:00,2026-05-01T17:16:03-07:00,0,0
index.js,1,js,05f929ba,Aarav Agrawal,2026-04-24,20:16:44,-07:00,2026-04-24T20:16:44-07:00,0,71
index.js,2,js,cc9b6c5d,Aarav Agrawal,2026-04-24,20:32:07,-07:00,2026-04-24T20:32:07-07:00,0,63
index.js,3,js,05f929ba,Aarav Agrawal,2026-04-24,20:16:44,-07:00,2026-04-24T20:16:44-07:00,0,42
index.js,4,js,05f929ba,Aarav Agrawal,2026-04-24,20:16:44,-07:00,2026-04-24T20:16:44-07:00,0,60
index.js,5,js,05f929ba,Aarav Agrawal,2026-04-24,20:16:44,-07:00,2026-04-24T20:16:44-07:00,0,54
index.js,6,js,05f929ba,Aarav Agrawal,2026-04-24,20:16:44,-07:00,2026-04-24T20:16:44-07:00,0,52
index.js,7,js,05f929ba,Aarav Agrawal,2026-04-24,20:16:44,-07:00,2026-04-24T20:16:44-07:00,0,0
index.js,8,js,05f929ba,Aarav Agrawal,2026-04-24,20:16:44,-07:00,2026-04-24T20:16:44-07:00,0,60
index.js,9,js,05f929ba,Aarav Agrawal,2026-04-24,20:16:44,-07:00,2026-04-24T20:16:44-07:00,0,17
index.js,10,js,05f929ba,Aarav Agrawal,2026-04-24,20:16:44,-07:00,2026-04-24T20:16:44-07:00,1,24
index.js,11,js,05f929ba,Aarav Agrawal,2026-04-24,20:16:44,-07:00,2026-04-24T20:16:44-07:00,4,2
index.js,12,js,05f929ba,Aarav Agrawal,2026-04-24,20:16:44,-07:00,2026-04-24T20:16:44-07:00,5,55
index.js,13,js,05f929ba,Aarav Agrawal,2026-04-24,20:16:44,-07:00,2026-04-24T20:16:44-07:00,5,55
index.js,14,js,05f929ba,Aarav Agrawal,2026-04-24,20:16:44,-07:00,2026-04-24T20:16:44-07:00,5,49
index.js,15,js,05f929ba,Aarav Agrawal,2026-04-24,20:16:44,-07:00,2026-04-24T20:16:44-07:00,5,49
index.js,16,js,05f929ba,Aarav Agrawal,2026-04-24,20:16:44,-07:00,2026-04-24T20:16:44-07:00,4,3
index.js,17,js,05f929ba,Aarav Agrawal,2026-04-24,20:16:44,-07:00,2026-04-24T20:16:44-07:00,2,0
index.js,18,js,05f929ba,Aarav Agrawal,2026-04-24,20:16:44,-07:00,2026-04-24T20:16:44-07:00,0,0
index.html,1,html,af7b7742,Aarav Agrawal,2026-04-03,13:47:33,-07:00,2026-04-03T13:47:33-07:00,0,13
index.html,2,html,af7b7742,Aarav Agrawal,2026-04-03,13:47:33,-07:00,2026-04-03T13:47:33-07:00,0,14
index.html,3,html,af7b7742,Aarav Agrawal,2026-04-03,13:47:33,-07:00,2026-04-03T13:47:33-07:00,0,4
index.html,4,html,af7b7742,Aarav Agrawal,2026-04-03,13:47:33,-07:00,2026-04-03T13:47:33-07:00,2,20
index.html,5,html,af7b7742,Aarav Agrawal,2026-04-03,13:47:33,-07:00,2026-04-03T13:47:33-07:00,2,68
index.html,6,html,af7b7742,Aarav Agrawal,2026-04-03,13:47:33,-07:00,2026-04-03T13:47:33-07:00,2,55
index.html,7,html,0bc53ccf,Aarav Agrawal,2026-04-03,14:09:50,-07:00,2026-04-03T14:09:50-07:00,2,39
index.html,8,html,af7b7742,Aarav Agrawal,2026-04-03,13:47:33,-07:00,2026-04-03T13:47:33-07:00,0,5
index.html,9,html,af7b7742,Aarav Agrawal,2026-04-03,13:47:33,-07:00,2026-04-03T13:47:33-07:00,0,4
index.html,10,html,af7b7742,Aarav Agrawal,2026-04-03,13:47:33,-07:00,2026-04-03T13:47:33-07:00,2,20
index.html,11,html,05f929ba,Aarav Agrawal,2026-04-24,20:16:44,-07:00,2026-04-24T20:16:44-07:00,2,113
index.html,12,html,0bc53ccf,Aarav Agrawal,2026-04-03,14:09:50,-07:00,2026-04-03T14:09:50-07:00,2,60
index.html,13,html,05f929ba,Aarav Agrawal,2026-04-24,20:16:44,-07:00,2026-04-24T20:16:44-07:00,2,22
index.html,14,html,05f929ba,Aarav Agrawal,2026-04-24,20:16:44,-07:00,2026-04-24T20:16:44-07:00,2,26
index.html,15,html,05f929ba,Aarav Agrawal,2026-04-24,20:16:44,-07:00,2026-04-24T20:16:44-07:00,2,22
index.html,16,html,05f929ba,Aarav Agrawal,2026-04-24,20:16:44,-07:00,2026-04-24T20:16:44-07:00,2,28
index.html,17,html,cc9b6c5d,Aarav Agrawal,2026-04-24,20:32:07,-07:00,2026-04-24T20:32:07-07:00,2,56
index.html,18,html,cc9b6c5d,Aarav Agrawal,2026-04-24,20:32:07,-07:00,2026-04-24T20:32:07-07:00,2,61
index.html,19,html,af7b7742,Aarav Agrawal,2026-04-03,13:47:33,-07:00,2026-04-03T13:47:33-07:00,0,5
index.html,20,html,af7b7742,Aarav Agrawal,2026-04-03,13:47:33,-07:00,2026-04-03T13:47:33-07:00,0,5
global.js,1,js,ab66266e,Aarav Agrawal,2026-04-17,17:03:33,-07:00,2026-04-17T17:03:33-07:00,0,25
global.js,2,js,ab66266e,Aarav Agrawal,2026-04-17,17:03:33,-07:00,2026-04-17T17:03:33-07:00,0,0
global.js,3,js,ab66266e,Aarav Agrawal,2026-04-17,17:03:33,-07:00,2026-04-17T17:03:33-07:00,0,41
global.js,4,js,ab66266e,Aarav Agrawal,2026-04-17,17:03:33,-07:00,2026-04-17T17:03:33-07:00,1,52
global.js,5,js,ab66266e,Aarav Agrawal,2026-04-17,17:03:33,-07:00,2026-04-17T17:03:33-07:00,0,0
global.js,6,js,ab66266e,Aarav Agrawal,2026-04-17,17:03:33,-07:00,2026-04-17T17:03:33-07:00,0,0
global.js,7,js,ab66266e,Aarav Agrawal,2026-04-17,17:03:33,-07:00,2026-04-17T17:03:33-07:00,0,28
global.js,8,js,ab66266e,Aarav Agrawal,2026-04-17,17:03:33,-07:00,2026-04-17T17:03:33-07:00,0,0
global.js,9,js,ab66266e,Aarav Agrawal,2026-04-17,17:03:33,-07:00,2026-04-17T17:03:33-07:00,0,33
global.js,10,js,ab66266e,Aarav Agrawal,2026-04-17,17:03:33,-07:00,2026-04-17T17:03:33-07:00,0,70
global.js,11,js,ab66266e,Aarav Agrawal,2026-04-17,17:03:33,-07:00,2026-04-17T17:03:33-07:00,0,3
global.js,12,js,ab66266e,Aarav Agrawal,2026-04-17,17:03:33,-07:00,2026-04-17T17:03:33-07:00,0,0
global.js,13,js,ab66266e,Aarav Agrawal,2026-04-17,17:03:33,-07:00,2026-04-17T17:03:33-07:00,0,39
global.js,14,js,ab66266e,Aarav Agrawal,2026-04-17,17:03:33,-07:00,2026-04-17T17:03:33-07:00,0,0
global.js,15,js,bfc5a8d6,Aarav Agrawal,2026-05-01,20:31:24,-07:00,2026-05-01T20:31:24-07:00,0,30
global.js,16,js,ab66266e,Aarav Agrawal,2026-04-17,17:03:33,-07:00,2026-04-17T17:03:33-07:00,0,0
global.js,17,js,ab66266e,Aarav Agrawal,2026-04-17,17:03:33,-07:00,2026-04-17T17:03:33-07:00,0,11
global.js,18,js,ab66266e,Aarav Agrawal,2026-04-17,17:03:33,-07:00,2026-04-17T17:03:33-07:00,1,25
global.js,19,js,ab66266e,Aarav Agrawal,2026-04-17,17:03:33,-07:00,2026-04-17T17:03:33-07:00,1,38
global.js,20,js,ab66266e,Aarav Agrawal,2026-04-17,17:03:33,-07:00,2026-04-17T17:03:33-07:00,1,36
global.js,21,js,ab66266e,Aarav Agrawal,2026-04-17,17:03:33,-07:00,2026-04-17T17:03:33-07:00,1,26
global.js,22,js,00000000,Not Committed Yet,2026-05-08,13:19:50,-07:00,2026-05-08T13:19:50-07:00,1,30
global.js,23,js,ab66266e,Aarav Agrawal,2026-04-17,17:03:33,-07:00,2026-04-17T17:03:33-07:00,1,55
global.js,24,js,ab66266e,Aarav Agrawal,2026-04-17,17:03:33,-07:00,2026-04-17T17:03:33-07:00,0,0
global.js,25,js,ab66266e,Aarav Agrawal,2026-04-17,17:03:33,-07:00,2026-04-17T17:03:33-07:00,0,0
global.js,26,js,ab66266e,Aarav Agrawal,2026-04-17,17:03:33,-07:00,2026-04-17T17:03:33-07:00,0,38
global.js,27,js,ab66266e,Aarav Agrawal,2026-04-17,17:03:33,-07:00,2026-04-17T17:03:33-07:00,0,25
global.js,28,js,ab66266e,Aarav Agrawal,2026-04-17,17:03:33,-07:00,2026-04-17T17:03:33-07:00,0,0
global.js,29,js,ab66266e,Aarav Agrawal,2026-04-17,17:03:33,-07:00,2026-04-17T17:03:33-07:00,0,20
global.js,30,js,ab66266e,Aarav Agrawal,2026-04-17,17:03:33,-07:00,2026-04-17T17:03:33-07:00,1,14
global.js,31,js,ab66266e,Aarav Agrawal,2026-04-17,17:03:33,-07:00,2026-04-17T17:03:33-07:00,1,18
global.js,32,js,ab66266e,Aarav Agrawal,2026-04-17,17:03:33,-07:00,2026-04-17T17:03:33-07:00,0,0
global.js,33,js,ab66266e,Aarav Agrawal,2026-04-17,17:03:33,-07:00,2026-04-17T17:03:33-07:00,1,28
global.js,34,js,ab66266e,Aarav Agrawal,2026-04-17,17:03:33,-07:00,2026-04-17T17:03:33-07:00,2,20
global.js,35,js,ab66266e,Aarav Agrawal,2026-04-17,17:03:33,-07:00,2026-04-17T17:03:33-07:00,1,0
global.js,36,js,ab66266e,Aarav Agrawal,2026-04-17,17:03:33,-07:00,2026-04-17T17:03:33-07:00,0,0
global.js,37,js,ab66266e,Aarav Agrawal,2026-04-17,17:03:33,-07:00,2026-04-17T17:03:33-07:00,1,34
global.js,38,js,ab66266e,Aarav Agrawal,2026-04-17,17:03:33,-07:00,2026-04-17T17:03:33-07:00,1,11
global.js,39,js,ab66266e,Aarav Agrawal,2026-04-17,17:03:33,-07:00,2026-04-17T17:03:33-07:00,1,20
global.js,40,js,ab66266e,Aarav Agrawal,2026-04-17,17:03:33,-07:00,2026-04-17T17:03:33-07:00,0,0
global.js,41,js,ab66266e,Aarav Agrawal,2026-04-17,17:03:33,-07:00,2026-04-17T17:03:33-07:00,1,90
global.js,42,js,ab66266e,Aarav Agrawal,2026-04-17,17:03:33,-07:00,2026-04-17T17:03:33-07:00,0,0
global.js,43,js,ab66266e,Aarav Agrawal,2026-04-17,17:03:33,-07:00,2026-04-17T17:03:33-07:00,1,52
global.js,44,js,ab66266e,Aarav Agrawal,2026-04-17,17:03:33,-07:00,2026-04-17T17:03:33-07:00,1,29
global.js,45,js,ab66266e,Aarav Agrawal,2026-04-17,17:03:33,-07:00,2026-04-17T17:03:33-07:00,2,18
global.js,46,js,ab66266e,Aarav Agrawal,2026-04-17,17:03:33,-07:00,2026-04-17T17:03:33-07:00,1,0
global.js,47,js,ab66266e,Aarav Agrawal,2026-04-17,17:03:33,-07:00,2026-04-17T17:03:33-07:00,0,0
global.js,48,js,ab66266e,Aarav Agrawal,2026-04-17,17:03:33,-07:00,2026-04-17T17:03:33-07:00,1,12
global.js,49,js,ab66266e,Aarav Agrawal,2026-04-17,17:03:33,-07:00,2026-04-17T17:03:33-07:00,0,0
global.js,50,js,ab66266e,Aarav Agrawal,2026-04-17,17:03:33,-07:00,2026-04-17T17:03:33-07:00,0,0
global.js,51,js,ab66266e,Aarav Agrawal,2026-04-17,17:03:33,-07:00,2026-04-17T17:03:33-07:00,0,31
global.js,52,js,ab66266e,Aarav Agrawal,2026-04-17,17:03:33,-07:00,2026-04-17T17:03:33-07:00,1,11
global.js,53,js,ab66266e,Aarav Agrawal,2026-04-17,17:03:33,-07:00,2026-04-17T17:03:33-07:00,1,0
global.js,54,js,ab66266e,Aarav Agrawal,2026-04-17,17:03:33,-07:00,2026-04-17T17:03:33-07:00,1,26
global.js,55,js,ab66266e,Aarav Agrawal,2026-04-17,17:03:33,-07:00,2026-04-17T17:03:33-07:00,2,4
global.js,56,js,ab66266e,Aarav Agrawal,2026-04-17,17:03:33,-07:00,2026-04-17T17:03:33-07:00,2,6
global.js,57,js,ab66266e,Aarav Agrawal,2026-04-17,17:03:33,-07:00,2026-04-17T17:03:33-07:00,3,43
global.js,58,js,ab66266e,Aarav Agrawal,2026-04-17,17:03:33,-07:00,2026-04-17T17:03:33-07:00,3,34
global.js,59,js,ab66266e,Aarav Agrawal,2026-04-17,17:03:33,-07:00,2026-04-17T17:03:33-07:00,3,32
global.js,60,js,ab66266e,Aarav Agrawal,2026-04-17,17:03:33,-07:00,2026-04-17T17:03:33-07:00,2,7
global.js,61,js,ab66266e,Aarav Agrawal,2026-04-17,17:03:33,-07:00,2026-04-17T17:03:33-07:00,1,7
global.js,62,js,ab66266e,Aarav Agrawal,2026-04-17,17:03:33,-07:00,2026-04-17T17:03:33-07:00,0,0
global.js,63,js,ab66266e,Aarav Agrawal,2026-04-17,17:03:33,-07:00,2026-04-17T17:03:33-07:00,0,0
global.js,64,js,ab66266e,Aarav Agrawal,2026-04-17,17:03:33,-07:00,2026-04-17T17:03:33-07:00,0,60
global.js,65,js,ab66266e,Aarav Agrawal,2026-04-17,17:03:33,-07:00,2026-04-17T17:03:33-07:00,0,0
global.js,66,js,ab66266e,Aarav Agrawal,2026-04-17,17:03:33,-07:00,2026-04-17T17:03:33-07:00,0,49
global.js,67,js,ab66266e,Aarav Agrawal,2026-04-17,17:03:33,-07:00,2026-04-17T17:03:33-07:00,1,77
global.js,68,js,ab66266e,Aarav Agrawal,2026-04-17,17:03:33,-07:00,2026-04-17T17:03:33-07:00,1,44
global.js,69,js,ab66266e,Aarav Agrawal,2026-04-17,17:03:33,-07:00,2026-04-17T17:03:33-07:00,0,1
global.js,70,js,ab66266e,Aarav Agrawal,2026-04-17,17:03:33,-07:00,2026-04-17T17:03:33-07:00,0,0
global.js,71,js,ab66266e,Aarav Agrawal,2026-04-17,17:03:33,-07:00,2026-04-17T17:03:33-07:00,0,34
global.js,72,js,ab66266e,Aarav Agrawal,2026-04-17,17:03:33,-07:00,2026-04-17T17:03:33-07:00,1,83
global.js,73,js,ab66266e,Aarav Agrawal,2026-04-17,17:03:33,-07:00,2026-04-17T17:03:33-07:00,1,38
global.js,74,js,ab66266e,Aarav Agrawal,2026-04-17,17:03:33,-07:00,2026-04-17T17:03:33-07:00,0,0
global.js,75,js,ab66266e,Aarav Agrawal,2026-04-17,17:03:33,-07:00,2026-04-17T17:03:33-07:00,0,0
global.js,76,js,ab66266e,Aarav Agrawal,2026-04-17,17:03:33,-07:00,2026-04-17T17:03:33-07:00,0,40
global.js,77,js,ab66266e,Aarav Agrawal,2026-04-17,17:03:33,-07:00,2026-04-17T17:03:33-07:00,0,0
global.js,78,js,ab66266e,Aarav Agrawal,2026-04-17,17:03:33,-07:00,2026-04-17T17:03:33-07:00,0,49
global.js,79,js,ab66266e,Aarav Agrawal,2026-04-17,17:03:33,-07:00,2026-04-17T17:03:33-07:00,1,21
global.js,80,js,ab66266e,Aarav Agrawal,2026-04-17,17:03:33,-07:00,2026-04-17T17:03:33-07:00,0,0
global.js,81,js,ab66266e,Aarav Agrawal,2026-04-17,17:03:33,-07:00,2026-04-17T17:03:33-07:00,1,28
global.js,82,js,ab66266e,Aarav Agrawal,2026-04-17,17:03:33,-07:00,2026-04-17T17:03:33-07:00,1,26
global.js,83,js,ab66266e,Aarav Agrawal,2026-04-17,17:03:33,-07:00,2026-04-17T17:03:33-07:00,1,14
global.js,84,js,ab66266e,Aarav Agrawal,2026-04-17,17:03:33,-07:00,2026-04-17T17:03:33-07:00,0,0
global.js,85,js,ab66266e,Aarav Agrawal,2026-04-17,17:03:33,-07:00,2026-04-17T17:03:33-07:00,1,31
global.js,86,js,ab66266e,Aarav Agrawal,2026-04-17,17:03:33,-07:00,2026-04-17T17:03:33-07:00,2,50
global.js,87,js,ab66266e,Aarav Agrawal,2026-04-17,17:03:33,-07:00,2026-04-17T17:03:33-07:00,1,0
global.js,88,js,ab66266e,Aarav Agrawal,2026-04-17,17:03:33,-07:00,2026-04-17T17:03:33-07:00,0,0
global.js,89,js,ab66266e,Aarav Agrawal,2026-04-17,17:03:33,-07:00,2026-04-17T17:03:33-07:00,1,22
global.js,90,js,ab66266e,Aarav Agrawal,2026-04-17,17:03:33,-07:00,2026-04-17T17:03:33-07:00,1,18
global.js,91,js,ab66266e,Aarav Agrawal,2026-04-17,17:03:33,-07:00,2026-04-17T17:03:33-07:00,0,1
global.js,92,js,05f929ba,Aarav Agrawal,2026-04-24,20:16:44,-07:00,2026-04-24T20:16:44-07:00,0,0
global.js,93,js,05f929ba,Aarav Agrawal,2026-04-24,20:16:44,-07:00,2026-04-24T20:16:44-07:00,0,36
global.js,94,js,05f929ba,Aarav Agrawal,2026-04-24,20:16:44,-07:00,2026-04-24T20:16:44-07:00,1,3
global.js,95,js,05f929ba,Aarav Agrawal,2026-04-24,20:16:44,-07:00,2026-04-24T20:16:44-07:00,2,39
global.js,96,js,05f929ba,Aarav Agrawal,2026-04-24,20:16:44,-07:00,2026-04-24T20:16:44-07:00,2,32
global.js,97,js,05f929ba,Aarav Agrawal,2026-04-24,20:16:44,-07:00,2026-04-24T20:16:44-07:00,2,17
global.js,98,js,05f929ba,Aarav Agrawal,2026-04-24,20:16:44,-07:00,2026-04-24T20:16:44-07:00,3,66
global.js,99,js,05f929ba,Aarav Agrawal,2026-04-24,20:16:44,-07:00,2026-04-24T20:16:44-07:00,2,0
global.js,100,js,05f929ba,Aarav Agrawal,2026-04-24,20:16:44,-07:00,2026-04-24T20:16:44-07:00,2,33
global.js,101,js,05f929ba,Aarav Agrawal,2026-04-24,20:16:44,-07:00,2026-04-24T20:16:44-07:00,2,10
global.js,102,js,05f929ba,Aarav Agrawal,2026-04-24,20:16:44,-07:00,2026-04-24T20:16:44-07:00,1,0
global.js,103,js,05f929ba,Aarav Agrawal,2026-04-24,20:16:44,-07:00,2026-04-24T20:16:44-07:00,1,13
global.js,104,js,05f929ba,Aarav Agrawal,2026-04-24,20:16:44,-07:00,2026-04-24T20:16:44-07:00,2,59
global.js,105,js,05f929ba,Aarav Agrawal,2026-04-24,20:16:44,-07:00,2026-04-24T20:16:44-07:00,1,0
global.js,106,js,05f929ba,Aarav Agrawal,2026-04-24,20:16:44,-07:00,2026-04-24T20:16:44-07:00,0,0
global.js,107,js,05f929ba,Aarav Agrawal,2026-04-24,20:16:44,-07:00,2026-04-24T20:16:44-07:00,0,0
global.js,108,js,05f929ba,Aarav Agrawal,2026-04-24,20:16:44,-07:00,2026-04-24T20:16:44-07:00,0,79
global.js,109,js,05f929ba,Aarav Agrawal,2026-04-24,20:16:44,-07:00,2026-04-24T20:16:44-07:00,1,30
global.js,110,js,05f929ba,Aarav Agrawal,2026-04-24,20:16:44,-07:00,2026-04-24T20:16:44-07:00,1,29
global.js,111,js,05f929ba,Aarav Agrawal,2026-04-24,20:16:44,-07:00,2026-04-24T20:16:44-07:00,2,48
global.js,112,js,05f929ba,Aarav Agrawal,2026-04-24,20:16:44,-07:00,2026-04-24T20:16:44-07:00,0,0
global.js,113,js,05f929ba,Aarav Agrawal,2026-04-24,20:16:44,-07:00,2026-04-24T20:16:44-07:00,2,19
global.js,114,js,05f929ba,Aarav Agrawal,2026-04-24,20:16:44,-07:00,2026-04-24T20:16:44-07:00,3,49
global.js,115,js,05f929ba,Aarav Agrawal,2026-04-24,20:16:44,-07:00,2026-04-24T20:16:44-07:00,3,49
global.js,116,js,14d98ac9,Aarav Agrawal,2026-05-01,16:36:12,-07:00,2026-05-01T16:36:12-07:00,3,3
global.js,117,js,14d98ac9,Aarav Agrawal,2026-05-01,16:36:12,-07:00,2026-05-01T16:36:12-07:00,4,27
global.js,118,js,14d98ac9,Aarav Agrawal,2026-05-01,16:36:12,-07:00,2026-05-01T16:36:12-07:00,4,41
global.js,119,js,14d98ac9,Aarav Agrawal,2026-05-01,16:36:12,-07:00,2026-05-01T16:36:12-07:00,3,4
global.js,120,js,05f929ba,Aarav Agrawal,2026-04-24,20:16:44,-07:00,2026-04-24T20:16:44-07:00,2,0
global.js,121,js,05f929ba,Aarav Agrawal,2026-04-24,20:16:44,-07:00,2026-04-24T20:16:44-07:00,0,0
global.js,122,js,05f929ba,Aarav Agrawal,2026-04-24,20:16:44,-07:00,2026-04-24T20:16:44-07:00,2,36
global.js,123,js,05f929ba,Aarav Agrawal,2026-04-24,20:16:44,-07:00,2026-04-24T20:16:44-07:00,1,0
global.js,124,js,05f929ba,Aarav Agrawal,2026-04-24,20:16:44,-07:00,2026-04-24T20:16:44-07:00,0,0
global.js,125,js,05f929ba,Aarav Agrawal,2026-04-24,20:16:44,-07:00,2026-04-24T20:16:44-07:00,0,0
global.js,126,js,05f929ba,Aarav Agrawal,2026-04-24,20:16:44,-07:00,2026-04-24T20:16:44-07:00,0,47
global.js,127,js,05f929ba,Aarav Agrawal,2026-04-24,20:16:44,-07:00,2026-04-24T20:16:44-07:00,1,59
global.js,128,js,05f929ba,Aarav Agrawal,2026-04-24,20:16:44,-07:00,2026-04-24T20:16:44-07:00,0,0
projects/projects.js,1,js,3a243447,Aarav Agrawal,2026-05-01,17:10:49,-07:00,2026-05-01T17:10:49-07:00,0,63
projects/projects.js,2,js,cc9b6c5d,Aarav Agrawal,2026-04-24,20:32:07,-07:00,2026-04-24T20:32:07-07:00,0,63
projects/projects.js,3,js,cc9b6c5d,Aarav Agrawal,2026-04-24,20:32:07,-07:00,2026-04-24T20:32:07-07:00,0,63
projects/projects.js,4,js,05f929ba,Aarav Agrawal,2026-04-24,20:16:44,-07:00,2026-04-24T20:16:44-07:00,0,60
projects/projects.js,5,js,05f929ba,Aarav Agrawal,2026-04-24,20:16:44,-07:00,2026-04-24T20:16:44-07:00,0,48
projects/projects.js,6,js,05f929ba,Aarav Agrawal,2026-04-24,20:16:44,-07:00,2026-04-24T20:16:44-07:00,0,54
projects/projects.js,7,js,05f929ba,Aarav Agrawal,2026-04-24,20:16:44,-07:00,2026-04-24T20:16:44-07:00,0,48
projects/projects.js,8,js,bfc5a8d6,Aarav Agrawal,2026-05-01,20:31:24,-07:00,2026-05-01T20:31:24-07:00,0,38
projects/projects.js,9,js,bfc5a8d6,Aarav Agrawal,2026-05-01,20:31:24,-07:00,2026-05-01T20:31:24-07:00,1,57
projects/projects.js,10,js,bfc5a8d6,Aarav Agrawal,2026-05-01,20:31:24,-07:00,2026-05-01T20:31:24-07:00,0,0
projects/projects.js,11,js,bfc5a8d6,Aarav Agrawal,2026-05-01,20:31:24,-07:00,2026-05-01T20:31:24-07:00,1,26
projects/projects.js,12,js,bfc5a8d6,Aarav Agrawal,2026-05-01,20:31:24,-07:00,2026-05-01T20:31:24-07:00,2,12
projects/projects.js,13,js,bfc5a8d6,Aarav Agrawal,2026-05-01,20:31:24,-07:00,2026-05-01T20:31:24-07:00,2,14
projects/projects.js,14,js,bfc5a8d6,Aarav Agrawal,2026-05-01,20:31:24,-07:00,2026-05-01T20:31:24-07:00,2,11
projects/projects.js,15,js,bfc5a8d6,Aarav Agrawal,2026-05-01,20:31:24,-07:00,2026-05-01T20:31:24-07:00,1,0
projects/projects.js,16,js,bfc5a8d6,Aarav Agrawal,2026-05-01,20:31:24,-07:00,2026-05-01T20:31:24-07:00,0,0
projects/projects.js,17,js,bfc5a8d6,Aarav Agrawal,2026-05-01,20:31:24,-07:00,2026-05-01T20:31:24-07:00,1,44
projects/projects.js,18,js,bfc5a8d6,Aarav Agrawal,2026-05-01,20:31:24,-07:00,2026-05-01T20:31:24-07:00,2,35
projects/projects.js,19,js,bfc5a8d6,Aarav Agrawal,2026-05-01,20:31:24,-07:00,2026-05-01T20:31:24-07:00,1,1
projects/projects.js,20,js,bfc5a8d6,Aarav Agrawal,2026-05-01,20:31:24,-07:00,2026-05-01T20:31:24-07:00,0,0
projects/projects.js,21,js,bfc5a8d6,Aarav Agrawal,2026-05-01,20:31:24,-07:00,2026-05-01T20:31:24-07:00,1,50
projects/projects.js,22,js,bfc5a8d6,Aarav Agrawal,2026-05-01,20:31:24,-07:00,2026-05-01T20:31:24-07:00,1,33
projects/projects.js,23,js,bfc5a8d6,Aarav Agrawal,2026-05-01,20:31:24,-07:00,2026-05-01T20:31:24-07:00,1,45
projects/projects.js,24,js,bfc5a8d6,Aarav Agrawal,2026-05-01,20:31:24,-07:00,2026-05-01T20:31:24-07:00,1,47
projects/projects.js,25,js,bfc5a8d6,Aarav Agrawal,2026-05-01,20:31:24,-07:00,2026-05-01T20:31:24-07:00,0,0
projects/projects.js,26,js,bfc5a8d6,Aarav Agrawal,2026-05-01,20:31:24,-07:00,2026-05-01T20:31:24-07:00,1,57
projects/projects.js,27,js,bfc5a8d6,Aarav Agrawal,2026-05-01,20:31:24,-07:00,2026-05-01T20:31:24-07:00,1,44
projects/projects.js,28,js,bfc5a8d6,Aarav Agrawal,2026-05-01,20:31:24,-07:00,2026-05-01T20:31:24-07:00,0,0
projects/projects.js,29,js,bfc5a8d6,Aarav Agrawal,2026-05-01,20:31:24,-07:00,2026-05-01T20:31:24-07:00,1,40
projects/projects.js,30,js,bfc5a8d6,Aarav Agrawal,2026-05-01,20:31:24,-07:00,2026-05-01T20:31:24-07:00,0,0
projects/projects.js,31,js,bfc5a8d6,Aarav Agrawal,2026-05-01,20:31:24,-07:00,2026-05-01T20:31:24-07:00,1,26
projects/projects.js,32,js,bfc5a8d6,Aarav Agrawal,2026-05-01,20:31:24,-07:00,2026-05-01T20:31:24-07:00,2,1
projects/projects.js,33,js,bfc5a8d6,Aarav Agrawal,2026-05-01,20:31:24,-07:00,2026-05-01T20:31:24-07:00,3,13
projects/projects.js,34,js,bfc5a8d6,Aarav Agrawal,2026-05-01,20:31:24,-07:00,2026-05-01T20:31:24-07:00,3,13
projects/projects.js,35,js,bfc5a8d6,Aarav Agrawal,2026-05-01,20:31:24,-07:00,2026-05-01T20:31:24-07:00,3,24
projects/projects.js,36,js,bfc5a8d6,Aarav Agrawal,2026-05-01,20:31:24,-07:00,2026-05-01T20:31:24-07:00,3,53
projects/projects.js,37,js,bfc5a8d6,Aarav Agrawal,2026-05-01,20:31:24,-07:00,2026-05-01T20:31:24-07:00,3,18
projects/projects.js,38,js,bfc5a8d6,Aarav Agrawal,2026-05-01,20:31:24,-07:00,2026-05-01T20:31:24-07:00,4,47
projects/projects.js,39,js,bfc5a8d6,Aarav Agrawal,2026-05-01,20:31:24,-07:00,2026-05-01T20:31:24-07:00,0,0
projects/projects.js,40,js,bfc5a8d6,Aarav Agrawal,2026-05-01,20:31:24,-07:00,2026-05-01T20:31:24-07:00,4,1
projects/projects.js,41,js,bfc5a8d6,Aarav Agrawal,2026-05-01,20:31:24,-07:00,2026-05-01T20:31:24-07:00,5,16
projects/projects.js,42,js,bfc5a8d6,Aarav Agrawal,2026-05-01,20:31:24,-07:00,2026-05-01T20:31:24-07:00,5,64
projects/projects.js,43,js,bfc5a8d6,Aarav Agrawal,2026-05-01,20:31:24,-07:00,2026-05-01T20:31:24-07:00,0,0
projects/projects.js,44,js,bfc5a8d6,Aarav Agrawal,2026-05-01,20:31:24,-07:00,2026-05-01T20:31:24-07:00,4,18
projects/projects.js,45,js,bfc5a8d6,Aarav Agrawal,2026-05-01,20:31:24,-07:00,2026-05-01T20:31:24-07:00,5,14
projects/projects.js,46,js,bfc5a8d6,Aarav Agrawal,2026-05-01,20:31:24,-07:00,2026-05-01T20:31:24-07:00,5,22
projects/projects.js,47,js,bfc5a8d6,Aarav Agrawal,2026-05-01,20:31:24,-07:00,2026-05-01T20:31:24-07:00,6,58
projects/projects.js,48,js,bfc5a8d6,Aarav Agrawal,2026-05-01,20:31:24,-07:00,2026-05-01T20:31:24-07:00,5,0
projects/projects.js,49,js,bfc5a8d6,Aarav Agrawal,2026-05-01,20:31:24,-07:00,2026-05-01T20:31:24-07:00,0,0
projects/projects.js,50,js,bfc5a8d6,Aarav Agrawal,2026-05-01,20:31:24,-07:00,2026-05-01T20:31:24-07:00,4,25
projects/projects.js,51,js,bfc5a8d6,Aarav Agrawal,2026-05-01,20:31:24,-07:00,2026-05-01T20:31:24-07:00,5,48
projects/projects.js,52,js,bfc5a8d6,Aarav Agrawal,2026-05-01,20:31:24,-07:00,2026-05-01T20:31:24-07:00,4,6
projects/projects.js,53,js,bfc5a8d6,Aarav Agrawal,2026-05-01,20:31:24,-07:00,2026-05-01T20:31:24-07:00,5,43
projects/projects.js,54,js,bfc5a8d6,Aarav Agrawal,2026-05-01,20:31:24,-07:00,2026-05-01T20:31:24-07:00,5,81
projects/projects.js,55,js,bfc5a8d6,Aarav Agrawal,2026-05-01,20:31:24,-07:00,2026-05-01T20:31:24-07:00,5,56
projects/projects.js,56,js,bfc5a8d6,Aarav Agrawal,2026-05-01,20:31:24,-07:00,2026-05-01T20:31:24-07:00,4,0
projects/projects.js,57,js,bfc5a8d6,Aarav Agrawal,2026-05-01,20:31:24,-07:00,2026-05-01T20:31:24-07:00,3,1
projects/projects.js,58,js,bfc5a8d6,Aarav Agrawal,2026-05-01,20:31:24,-07:00,2026-05-01T20:31:24-07:00,1,1
projects/projects.js,59,js,bfc5a8d6,Aarav Agrawal,2026-05-01,20:31:24,-07:00,2026-05-01T20:31:24-07:00,0,0
projects/projects.js,60,js,bfc5a8d6,Aarav Agrawal,2026-05-01,20:31:24,-07:00,2026-05-01T20:31:24-07:00,0,0
projects/projects.js,61,js,bfc5a8d6,Aarav Agrawal,2026-05-01,20:31:24,-07:00,2026-05-01T20:31:24-07:00,1,32
projects/projects.js,62,js,bfc5a8d6,Aarav Agrawal,2026-05-01,20:31:24,-07:00,2026-05-01T20:31:24-07:00,0,0
projects/projects.js,63,js,bfc5a8d6,Aarav Agrawal,2026-05-01,20:31:24,-07:00,2026-05-01T20:31:24-07:00,1,24
projects/projects.js,64,js,bfc5a8d6,Aarav Agrawal,2026-05-01,20:31:24,-07:00,2026-05-01T20:31:24-07:00,2,4
projects/projects.js,65,js,bfc5a8d6,Aarav Agrawal,2026-05-01,20:31:24,-07:00,2026-05-01T20:31:24-07:00,3,11
projects/projects.js,66,js,bfc5a8d6,Aarav Agrawal,2026-05-01,20:31:24,-07:00,2026-05-01T20:31:24-07:00,3,38
projects/projects.js,67,js,bfc5a8d6,Aarav Agrawal,2026-05-01,20:31:24,-07:00,2026-05-01T20:31:24-07:00,3,76
projects/projects.js,68,js,bfc5a8d6,Aarav Agrawal,2026-05-01,20:31:24,-07:00,2026-05-01T20:31:24-07:00,3,69
projects/projects.js,69,js,bfc5a8d6,Aarav Agrawal,2026-05-01,20:31:24,-07:00,2026-05-01T20:31:24-07:00,1,1
projects/projects.js,70,js,bfc5a8d6,Aarav Agrawal,2026-05-01,20:31:24,-07:00,2026-05-01T20:31:24-07:00,0,0
projects/projects.js,71,js,bfc5a8d6,Aarav Agrawal,2026-05-01,20:31:24,-07:00,2026-05-01T20:31:24-07:00,0,0
projects/projects.js,72,js,bfc5a8d6,Aarav Agrawal,2026-05-01,20:31:24,-07:00,2026-05-01T20:31:24-07:00,0,21
projects/projects.js,73,js,bfc5a8d6,Aarav Agrawal,2026-05-01,20:31:24,-07:00,2026-05-01T20:31:24-07:00,0,23
projects/projects.js,74,js,bfc5a8d6,Aarav Agrawal,2026-05-01,20:31:24,-07:00,2026-05-01T20:31:24-07:00,0,13
projects/projects.js,75,js,bfc5a8d6,Aarav Agrawal,2026-05-01,20:31:24,-07:00,2026-05-01T20:31:24-07:00,0,53
projects/projects.js,76,js,bfc5a8d6,Aarav Agrawal,2026-05-01,20:31:24,-07:00,2026-05-01T20:31:24-07:00,0,48
projects/projects.js,77,js,bfc5a8d6,Aarav Agrawal,2026-05-01,20:31:24,-07:00,2026-05-01T20:31:24-07:00,1,25
projects/projects.js,78,js,bfc5a8d6,Aarav Agrawal,2026-05-01,20:31:24,-07:00,2026-05-01T20:31:24-07:00,1,17
projects/projects.js,79,js,bfc5a8d6,Aarav Agrawal,2026-05-01,20:31:24,-07:00,2026-05-01T20:31:24-07:00,1,51
projects/projects.js,80,js,bfc5a8d6,Aarav Agrawal,2026-05-01,20:31:24,-07:00,2026-05-01T20:31:24-07:00,2,59
projects/projects.js,81,js,bfc5a8d6,Aarav Agrawal,2026-05-01,20:31:24,-07:00,2026-05-01T20:31:24-07:00,2,42
projects/projects.js,82,js,bfc5a8d6,Aarav Agrawal,2026-05-01,20:31:24,-07:00,2026-05-01T20:31:24-07:00,1,1
projects/projects.js,83,js,bfc5a8d6,Aarav Agrawal,2026-05-01,20:31:24,-07:00,2026-05-01T20:31:24-07:00,0,0
projects/projects.js,84,js,bfc5a8d6,Aarav Agrawal,2026-05-01,20:31:24,-07:00,2026-05-01T20:31:24-07:00,1,56
projects/projects.js,85,js,bfc5a8d6,Aarav Agrawal,2026-05-01,20:31:24,-07:00,2026-05-01T20:31:24-07:00,1,31
projects/projects.js,86,js,3a243447,Aarav Agrawal,2026-05-01,17:10:49,-07:00,2026-05-01T17:10:49-07:00,0,1
projects/index.html,1,html,0bc53ccf,Aarav Agrawal,2026-04-03,14:09:50,-07:00,2026-04-03T14:09:50-07:00,0,13
projects/index.html,2,html,0bc53ccf,Aarav Agrawal,2026-04-03,14:09:50,-07:00,2026-04-03T14:09:50-07:00,0,14
projects/index.html,3,html,0bc53ccf,Aarav Agrawal,2026-04-03,14:09:50,-07:00,2026-04-03T14:09:50-07:00,0,4
projects/index.html,4,html,0bc53ccf,Aarav Agrawal,2026-04-03,14:09:50,-07:00,2026-04-03T14:09:50-07:00,2,20
projects/index.html,5,html,0bc53ccf,Aarav Agrawal,2026-04-03,14:09:50,-07:00,2026-04-03T14:09:50-07:00,2,68
projects/index.html,6,html,0bc53ccf,Aarav Agrawal,2026-04-03,14:09:50,-07:00,2026-04-03T14:09:50-07:00,2,21
projects/index.html,7,html,cc9b6c5d,Aarav Agrawal,2026-04-24,20:32:07,-07:00,2026-04-24T20:32:07-07:00,2,50
projects/index.html,8,html,0bc53ccf,Aarav Agrawal,2026-04-03,14:09:50,-07:00,2026-04-03T14:09:50-07:00,0,5
projects/index.html,9,html,0bc53ccf,Aarav Agrawal,2026-04-03,14:09:50,-07:00,2026-04-03T14:09:50-07:00,0,4
projects/index.html,10,html,05f929ba,Aarav Agrawal,2026-04-24,20:16:44,-07:00,2026-04-24T20:16:44-07:00,2,38
projects/index.html,11,html,c12014b7,Aarav Agrawal,2026-05-01,17:16:03,-07:00,2026-05-01T17:16:03-07:00,2,27
projects/index.html,12,html,3a243447,Aarav Agrawal,2026-05-01,17:10:49,-07:00,2026-05-01T17:10:49-07:00,2,58
projects/index.html,13,html,3a243447,Aarav Agrawal,2026-05-01,17:10:49,-07:00,2026-05-01T17:10:49-07:00,2,22
projects/index.html,14,html,c12014b7,Aarav Agrawal,2026-05-01,17:16:03,-07:00,2026-05-01T17:16:03-07:00,2,4
projects/index.html,15,html,bfc5a8d6,Aarav Agrawal,2026-05-01,20:31:24,-07:00,2026-05-01T20:31:24-07:00,0,0
projects/index.html,16,html,bfc5a8d6,Aarav Agrawal,2026-05-01,20:31:24,-07:00,2026-05-01T20:31:24-07:00,2,4
projects/index.html,17,html,bfc5a8d6,Aarav Agrawal,2026-05-01,20:31:24,-07:00,2026-05-01T20:31:24-07:00,2,15
projects/index.html,18,html,bfc5a8d6,Aarav Agrawal,2026-05-01,20:31:24,-07:00,2026-05-01T20:31:24-07:00,2,11
projects/index.html,19,html,bfc5a8d6,Aarav Agrawal,2026-05-01,20:31:24,-07:00,2026-05-01T20:31:24-07:00,2,26
projects/index.html,20,html,bfc5a8d6,Aarav Agrawal,2026-05-01,20:31:24,-07:00,2026-05-01T20:31:24-07:00,2,28
projects/index.html,21,html,bfc5a8d6,Aarav Agrawal,2026-05-01,20:31:24,-07:00,2026-05-01T20:31:24-07:00,2,0
projects/index.html,22,html,05f929ba,Aarav Agrawal,2026-04-24,20:16:44,-07:00,2026-04-24T20:16:44-07:00,2,26
projects/index.html,23,html,cc9b6c5d,Aarav Agrawal,2026-04-24,20:32:07,-07:00,2026-04-24T20:32:07-07:00,2,56
projects/index.html,24,html,cc9b6c5d,Aarav Agrawal,2026-04-24,20:32:07,-07:00,2026-04-24T20:32:07-07:00,2,67
projects/index.html,25,html,0bc53ccf,Aarav Agrawal,2026-04-03,14:09:50,-07:00,2026-04-03T14:09:50-07:00,0,5
projects/index.html,26,html,3a243447,Aarav Agrawal,2026-05-01,17:10:49,-07:00,2026-05-01T17:10:49-07:00,0,5
contact/index.html,1,html,0bc53ccf,Aarav Agrawal,2026-04-03,14:09:50,-07:00,2026-04-03T14:09:50-07:00,0,13
contact/index.html,2,html,0bc53ccf,Aarav Agrawal,2026-04-03,14:09:50,-07:00,2026-04-03T14:09:50-07:00,0,14
contact/index.html,3,html,0bc53ccf,Aarav Agrawal,2026-04-03,14:09:50,-07:00,2026-04-03T14:09:50-07:00,0,4
contact/index.html,4,html,0bc53ccf,Aarav Agrawal,2026-04-03,14:09:50,-07:00,2026-04-03T14:09:50-07:00,2,20
contact/index.html,5,html,0bc53ccf,Aarav Agrawal,2026-04-03,14:09:50,-07:00,2026-04-03T14:09:50-07:00,2,68
contact/index.html,6,html,0bc53ccf,Aarav Agrawal,2026-04-03,14:09:50,-07:00,2026-04-03T14:09:50-07:00,2,20
contact/index.html,7,html,4792c539,Aarav Agrawal,2026-04-03,15:01:11,-07:00,2026-04-03T15:01:11-07:00,2,42
contact/index.html,8,html,0bc53ccf,Aarav Agrawal,2026-04-03,14:09:50,-07:00,2026-04-03T14:09:50-07:00,0,5
contact/index.html,9,html,0bc53ccf,Aarav Agrawal,2026-04-03,14:09:50,-07:00,2026-04-03T14:09:50-07:00,0,4
contact/index.html,10,html,0bc53ccf,Aarav Agrawal,2026-04-03,14:09:50,-07:00,2026-04-03T14:09:50-07:00,2,14
contact/index.html,11,html,ab66266e,Aarav Agrawal,2026-04-17,17:03:33,-07:00,2026-04-17T17:03:33-07:00,2,42
contact/index.html,12,html,4792c539,Aarav Agrawal,2026-04-03,15:01:11,-07:00,2026-04-03T15:01:11-07:00,4,5
contact/index.html,13,html,4792c539,Aarav Agrawal,2026-04-03,15:01:11,-07:00,2026-04-03T15:01:11-07:00,6,5
contact/index.html,14,html,4792c539,Aarav Agrawal,2026-04-03,15:01:11,-07:00,2026-04-03T15:01:11-07:00,6,20
contact/index.html,15,html,4792c539,Aarav Agrawal,2026-04-03,15:01:11,-07:00,2026-04-03T15:01:11-07:00,4,6
contact/index.html,16,html,4792c539,Aarav Agrawal,2026-04-03,15:01:11,-07:00,2026-04-03T15:01:11-07:00,0,0
contact/index.html,17,html,4792c539,Aarav Agrawal,2026-04-03,15:01:11,-07:00,2026-04-03T15:01:11-07:00,4,5
contact/index.html,18,html,4792c539,Aarav Agrawal,2026-04-03,15:01:11,-07:00,2026-04-03T15:01:11-07:00,6,2
contact/index.html,19,html,4792c539,Aarav Agrawal,2026-04-03,15:01:11,-07:00,2026-04-03T15:01:11-07:00,6,31
contact/index.html,20,html,4792c539,Aarav Agrawal,2026-04-03,15:01:11,-07:00,2026-04-03T15:01:11-07:00,4,6
contact/index.html,21,html,4792c539,Aarav Agrawal,2026-04-03,15:01:11,-07:00,2026-04-03T15:01:11-07:00,0,0
contact/index.html,22,html,4792c539,Aarav Agrawal,2026-04-03,15:01:11,-07:00,2026-04-03T15:01:11-07:00,4,21
contact/index.html,23,html,4792c539,Aarav Agrawal,2026-04-03,15:01:11,-07:00,2026-04-03T15:01:11-07:00,2,5
contact/index.html,24,html,cc9b6c5d,Aarav Agrawal,2026-04-24,20:32:07,-07:00,2026-04-24T20:32:07-07:00,2,56
contact/index.html,25,html,0bc53ccf,Aarav Agrawal,2026-04-03,14:09:50,-07:00,2026-04-03T14:09:50-07:00,0,5
contact/index.html,26,html,0bc53ccf,Aarav Agrawal,2026-04-03,14:09:50,-07:00,2026-04-03T14:09:50-07:00,0,5
CV/index.html,1,html,4792c539,Aarav Agrawal,2026-04-03,15:01:11,-07:00,2026-04-03T15:01:11-07:00,0,13
CV/index.html,2,html,4792c539,Aarav Agrawal,2026-04-03,15:01:11,-07:00,2026-04-03T15:01:11-07:00,0,14
CV/index.html,3,html,4792c539,Aarav Agrawal,2026-04-03,15:01:11,-07:00,2026-04-03T15:01:11-07:00,0,4
CV/index.html,4,html,4792c539,Aarav Agrawal,2026-04-03,15:01:11,-07:00,2026-04-03T15:01:11-07:00,2,20
CV/index.html,5,html,4792c539,Aarav Agrawal,2026-04-03,15:01:11,-07:00,2026-04-03T15:01:11-07:00,2,68
CV/index.html,6,html,4792c539,Aarav Agrawal,2026-04-03,15:01:11,-07:00,2026-04-03T15:01:11-07:00,2,15
CV/index.html,7,html,cc9b6c5d,Aarav Agrawal,2026-04-24,20:32:07,-07:00,2026-04-24T20:32:07-07:00,2,50
CV/index.html,8,html,4792c539,Aarav Agrawal,2026-04-03,15:01:11,-07:00,2026-04-03T15:01:11-07:00,0,5
CV/index.html,9,html,4792c539,Aarav Agrawal,2026-04-03,15:01:11,-07:00,2026-04-03T15:01:11-07:00,0,4
CV/index.html,10,html,4792c539,Aarav Agrawal,2026-04-03,15:01:11,-07:00,2026-04-03T15:01:11-07:00,2,20
CV/index.html,11,html,4792c539,Aarav Agrawal,2026-04-03,15:01:11,-07:00,2026-04-03T15:01:11-07:00,2,31
CV/index.html,12,html,4792c539,Aarav Agrawal,2026-04-03,15:01:11,-07:00,2026-04-03T15:01:11-07:00,3,64
CV/index.html,13,html,4792c539,Aarav Agrawal,2026-04-03,15:01:11,-07:00,2026-04-03T15:01:11-07:00,3,89
CV/index.html,14,html,4792c539,Aarav Agrawal,2026-04-03,15:01:11,-07:00,2026-04-03T15:01:11-07:00,2,2
CV/index.html,15,html,4792c539,Aarav Agrawal,2026-04-03,15:01:11,-07:00,2026-04-03T15:01:11-07:00,0,0
CV/index.html,16,html,4792c539,Aarav Agrawal,2026-04-03,15:01:11,-07:00,2026-04-03T15:01:11-07:00,2,7
CV/index.html,17,html,4792c539,Aarav Agrawal,2026-04-03,15:01:11,-07:00,2026-04-03T15:01:11-07:00,3,16
CV/index.html,18,html,4792c539,Aarav Agrawal,2026-04-03,15:01:11,-07:00,2026-04-03T15:01:11-07:00,3,7
CV/index.html,19,html,4792c539,Aarav Agrawal,2026-04-03,15:01:11,-07:00,2026-04-03T15:01:11-07:00,4,6
CV/index.html,20,html,4792c539,Aarav Agrawal,2026-04-03,15:01:11,-07:00,2026-04-03T15:01:11-07:00,5,42
CV/index.html,21,html,947a32b1,Aarav Agrawal,2026-04-03,15:10:09,-07:00,2026-04-03T15:10:09-07:00,5,57
CV/index.html,22,html,4792c539,Aarav Agrawal,2026-04-03,15:01:11,-07:00,2026-04-03T15:01:11-07:00,4,7
CV/index.html,23,html,4792c539,Aarav Agrawal,2026-04-03,15:01:11,-07:00,2026-04-03T15:01:11-07:00,3,8
CV/index.html,24,html,4792c539,Aarav Agrawal,2026-04-03,15:01:11,-07:00,2026-04-03T15:01:11-07:00,2,8
CV/index.html,25,html,4792c539,Aarav Agrawal,2026-04-03,15:01:11,-07:00,2026-04-03T15:01:11-07:00,0,0
CV/index.html,26,html,4792c539,Aarav Agrawal,2026-04-03,15:01:11,-07:00,2026-04-03T15:01:11-07:00,2,7
CV/index.html,27,html,4792c539,Aarav Agrawal,2026-04-03,15:01:11,-07:00,2026-04-03T15:01:11-07:00,3,17
CV/index.html,28,html,4792c539,Aarav Agrawal,2026-04-03,15:01:11,-07:00,2026-04-03T15:01:11-07:00,0,0
CV/index.html,29,html,4792c539,Aarav Agrawal,2026-04-03,15:01:11,-07:00,2026-04-03T15:01:11-07:00,3,7
CV/index.html,30,html,4792c539,Aarav Agrawal,2026-04-03,15:01:11,-07:00,2026-04-03T15:01:11-07:00,4,6
CV/index.html,31,html,4792c539,Aarav Agrawal,2026-04-03,15:01:11,-07:00,2026-04-03T15:01:11-07:00,5,39
CV/index.html,32,html,4792c539,Aarav Agrawal,2026-04-03,15:01:11,-07:00,2026-04-03T15:01:11-07:00,5,33
CV/index.html,33,html,4792c539,Aarav Agrawal,2026-04-03,15:01:11,-07:00,2026-04-03T15:01:11-07:00,4,7
CV/index.html,34,html,4792c539,Aarav Agrawal,2026-04-03,15:01:11,-07:00,2026-04-03T15:01:11-07:00,4,2
CV/index.html,35,html,4792c539,Aarav Agrawal,2026-04-03,15:01:11,-07:00,2026-04-03T15:01:11-07:00,5,97
CV/index.html,36,html,4792c539,Aarav Agrawal,2026-04-03,15:01:11,-07:00,2026-04-03T15:01:11-07:00,5,106
CV/index.html,37,html,4792c539,Aarav Agrawal,2026-04-03,15:01:11,-07:00,2026-04-03T15:01:11-07:00,5,116
CV/index.html,38,html,4792c539,Aarav Agrawal,2026-04-03,15:01:11,-07:00,2026-04-03T15:01:11-07:00,4,3
CV/index.html,39,html,4792c539,Aarav Agrawal,2026-04-03,15:01:11,-07:00,2026-04-03T15:01:11-07:00,3,8
CV/index.html,40,html,4792c539,Aarav Agrawal,2026-04-03,15:01:11,-07:00,2026-04-03T15:01:11-07:00,0,0
CV/index.html,41,html,4792c539,Aarav Agrawal,2026-04-03,15:01:11,-07:00,2026-04-03T15:01:11-07:00,3,7
CV/index.html,42,html,4792c539,Aarav Agrawal,2026-04-03,15:01:11,-07:00,2026-04-03T15:01:11-07:00,4,6
CV/index.html,43,html,4792c539,Aarav Agrawal,2026-04-03,15:01:11,-07:00,2026-04-03T15:01:11-07:00,5,75
CV/index.html,44,html,4792c539,Aarav Agrawal,2026-04-03,15:01:11,-07:00,2026-04-03T15:01:11-07:00,5,34
CV/index.html,45,html,4792c539,Aarav Agrawal,2026-04-03,15:01:11,-07:00,2026-04-03T15:01:11-07:00,4,7
CV/index.html,46,html,4792c539,Aarav Agrawal,2026-04-03,15:01:11,-07:00,2026-04-03T15:01:11-07:00,4,2
CV/index.html,47,html,4792c539,Aarav Agrawal,2026-04-03,15:01:11,-07:00,2026-04-03T15:01:11-07:00,5,140
CV/index.html,48,html,4792c539,Aarav Agrawal,2026-04-03,15:01:11,-07:00,2026-04-03T15:01:11-07:00,5,128
CV/index.html,49,html,4792c539,Aarav Agrawal,2026-04-03,15:01:11,-07:00,2026-04-03T15:01:11-07:00,4,3
CV/index.html,50,html,4792c539,Aarav Agrawal,2026-04-03,15:01:11,-07:00,2026-04-03T15:01:11-07:00,3,8
CV/index.html,51,html,4792c539,Aarav Agrawal,2026-04-03,15:01:11,-07:00,2026-04-03T15:01:11-07:00,2,8
CV/index.html,52,html,4792c539,Aarav Agrawal,2026-04-03,15:01:11,-07:00,2026-04-03T15:01:11-07:00,0,0
CV/index.html,53,html,4792c539,Aarav Agrawal,2026-04-03,15:01:11,-07:00,2026-04-03T15:01:11-07:00,2,7
CV/index.html,54,html,4792c539,Aarav Agrawal,2026-04-03,15:01:11,-07:00,2026-04-03T15:01:11-07:00,3,15
CV/index.html,55,html,4792c539,Aarav Agrawal,2026-04-03,15:01:11,-07:00,2026-04-03T15:01:11-07:00,0,0
CV/index.html,56,html,4792c539,Aarav Agrawal,2026-04-03,15:01:11,-07:00,2026-04-03T15:01:11-07:00,3,7
CV/index.html,57,html,4792c539,Aarav Agrawal,2026-04-03,15:01:11,-07:00,2026-04-03T15:01:11-07:00,4,6
CV/index.html,58,html,4792c539,Aarav Agrawal,2026-04-03,15:01:11,-07:00,2026-04-03T15:01:11-07:00,5,53
CV/index.html,59,html,4792c539,Aarav Agrawal,2026-04-03,15:01:11,-07:00,2026-04-03T15:01:11-07:00,5,24
CV/index.html,60,html,4792c539,Aarav Agrawal,2026-04-03,15:01:11,-07:00,2026-04-03T15:01:11-07:00,4,7
CV/index.html,61,html,4792c539,Aarav Agrawal,2026-04-03,15:01:11,-07:00,2026-04-03T15:01:11-07:00,4,2
CV/index.html,62,html,4792c539,Aarav Agrawal,2026-04-03,15:01:11,-07:00,2026-04-03T15:01:11-07:00,5,97
CV/index.html,63,html,4792c539,Aarav Agrawal,2026-04-03,15:01:11,-07:00,2026-04-03T15:01:11-07:00,5,75
CV/index.html,64,html,4792c539,Aarav Agrawal,2026-04-03,15:01:11,-07:00,2026-04-03T15:01:11-07:00,5,86
CV/index.html,65,html,4792c539,Aarav Agrawal,2026-04-03,15:01:11,-07:00,2026-04-03T15:01:11-07:00,4,3
CV/index.html,66,html,4792c539,Aarav Agrawal,2026-04-03,15:01:11,-07:00,2026-04-03T15:01:11-07:00,3,8
CV/index.html,67,html,4792c539,Aarav Agrawal,2026-04-03,15:01:11,-07:00,2026-04-03T15:01:11-07:00,0,0
CV/index.html,68,html,4792c539,Aarav Agrawal,2026-04-03,15:01:11,-07:00,2026-04-03T15:01:11-07:00,3,7
CV/index.html,69,html,4792c539,Aarav Agrawal,2026-04-03,15:01:11,-07:00,2026-04-03T15:01:11-07:00,4,6
CV/index.html,70,html,4792c539,Aarav Agrawal,2026-04-03,15:01:11,-07:00,2026-04-03T15:01:11-07:00,5,35
CV/index.html,71,html,4792c539,Aarav Agrawal,2026-04-03,15:01:11,-07:00,2026-04-03T15:01:11-07:00,5,24
CV/index.html,72,html,4792c539,Aarav Agrawal,2026-04-03,15:01:11,-07:00,2026-04-03T15:01:11-07:00,4,7
CV/index.html,73,html,4792c539,Aarav Agrawal,2026-04-03,15:01:11,-07:00,2026-04-03T15:01:11-07:00,4,2
CV/index.html,74,html,4792c539,Aarav Agrawal,2026-04-03,15:01:11,-07:00,2026-04-03T15:01:11-07:00,5,89
CV/index.html,75,html,4792c539,Aarav Agrawal,2026-04-03,15:01:11,-07:00,2026-04-03T15:01:11-07:00,5,77
CV/index.html,76,html,4792c539,Aarav Agrawal,2026-04-03,15:01:11,-07:00,2026-04-03T15:01:11-07:00,4,3
CV/index.html,77,html,4792c539,Aarav Agrawal,2026-04-03,15:01:11,-07:00,2026-04-03T15:01:11-07:00,3,8
CV/index.html,78,html,4792c539,Aarav Agrawal,2026-04-03,15:01:11,-07:00,2026-04-03T15:01:11-07:00,2,8
CV/index.html,79,html,4792c539,Aarav Agrawal,2026-04-03,15:01:11,-07:00,2026-04-03T15:01:11-07:00,0,0
CV/index.html,80,html,4792c539,Aarav Agrawal,2026-04-03,15:01:11,-07:00,2026-04-03T15:01:11-07:00,2,7
CV/index.html,81,html,4792c539,Aarav Agrawal,2026-04-03,15:01:11,-07:00,2026-04-03T15:01:11-07:00,3,23
CV/index.html,82,html,4792c539,Aarav Agrawal,2026-04-03,15:01:11,-07:00,2026-04-03T15:01:11-07:00,0,0
CV/index.html,83,html,4792c539,Aarav Agrawal,2026-04-03,15:01:11,-07:00,2026-04-03T15:01:11-07:00,3,7
CV/index.html,84,html,4792c539,Aarav Agrawal,2026-04-03,15:01:11,-07:00,2026-04-03T15:01:11-07:00,4,6
CV/index.html,85,html,4792c539,Aarav Agrawal,2026-04-03,15:01:11,-07:00,2026-04-03T15:01:11-07:00,5,61
CV/index.html,86,html,4792c539,Aarav Agrawal,2026-04-03,15:01:11,-07:00,2026-04-03T15:01:11-07:00,5,24
CV/index.html,87,html,4792c539,Aarav Agrawal,2026-04-03,15:01:11,-07:00,2026-04-03T15:01:11-07:00,4,7
CV/index.html,88,html,4792c539,Aarav Agrawal,2026-04-03,15:01:11,-07:00,2026-04-03T15:01:11-07:00,4,2
CV/index.html,89,html,4792c539,Aarav Agrawal,2026-04-03,15:01:11,-07:00,2026-04-03T15:01:11-07:00,5,87
CV/index.html,90,html,4792c539,Aarav Agrawal,2026-04-03,15:01:11,-07:00,2026-04-03T15:01:11-07:00,5,114
CV/index.html,91,html,4792c539,Aarav Agrawal,2026-04-03,15:01:11,-07:00,2026-04-03T15:01:11-07:00,5,142
CV/index.html,92,html,4792c539,Aarav Agrawal,2026-04-03,15:01:11,-07:00,2026-04-03T15:01:11-07:00,4,3
CV/index.html,93,html,4792c539,Aarav Agrawal,2026-04-03,15:01:11,-07:00,2026-04-03T15:01:11-07:00,3,8
CV/index.html,94,html,4792c539,Aarav Agrawal,2026-04-03,15:01:11,-07:00,2026-04-03T15:01:11-07:00,0,0
CV/index.html,95,html,4792c539,Aarav Agrawal,2026-04-03,15:01:11,-07:00,2026-04-03T15:01:11-07:00,3,7
CV/index.html,96,html,4792c539,Aarav Agrawal,2026-04-03,15:01:11,-07:00,2026-04-03T15:01:11-07:00,4,6
CV/index.html,97,html,4792c539,Aarav Agrawal,2026-04-03,15:01:11,-07:00,2026-04-03T15:01:11-07:00,5,77
CV/index.html,98,html,4792c539,Aarav Agrawal,2026-04-03,15:01:11,-07:00,2026-04-03T15:01:11-07:00,5,15
CV/index.html,99,html,4792c539,Aarav Agrawal,2026-04-03,15:01:11,-07:00,2026-04-03T15:01:11-07:00,4,7
CV/index.html,100,html,4792c539,Aarav Agrawal,2026-04-03,15:01:11,-07:00,2026-04-03T15:01:11-07:00,4,2
CV/index.html,101,html,4792c539,Aarav Agrawal,2026-04-03,15:01:11,-07:00,2026-04-03T15:01:11-07:00,5,117
CV/index.html,102,html,4792c539,Aarav Agrawal,2026-04-03,15:01:11,-07:00,2026-04-03T15:01:11-07:00,5,98
CV/index.html,103,html,4792c539,Aarav Agrawal,2026-04-03,15:01:11,-07:00,2026-04-03T15:01:11-07:00,4,3
CV/index.html,104,html,4792c539,Aarav Agrawal,2026-04-03,15:01:11,-07:00,2026-04-03T15:01:11-07:00,3,8
CV/index.html,105,html,4792c539,Aarav Agrawal,2026-04-03,15:01:11,-07:00,2026-04-03T15:01:11-07:00,2,8
CV/index.html,106,html,cc9b6c5d,Aarav Agrawal,2026-04-24,20:32:07,-07:00,2026-04-24T20:32:07-07:00,2,56
CV/index.html,107,html,4792c539,Aarav Agrawal,2026-04-03,15:01:11,-07:00,2026-04-03T15:01:11-07:00,0,5
CV/index.html,108,html,4792c539,Aarav Agrawal,2026-04-03,15:01:11,-07:00,2026-04-03T15:01:11-07:00,0,5
